Id,price
0,17097.0
1,14276.0
2,20965.0
3,13890.5
4,6254.5
5,22315.0
6,5914.5
7,8065.9
8,13805.666666666668
9,18350.5
10,15383.5
11,12221.5
12,13857.0
13,10217.0
14,13568.333333333332
15,10486.8
16,13011.333333333332
17,13597.5
18,13332.0
19,12094.5
20,5827.0
21,6031.5
22,12672.4
23,17804.0
24,15310.0
25,17637.0
26,16944.0
27,14136.0
28,7330.0
29,16696.0
30,17015.5
31,12774.0
32,13970.5
33,5776.4
34,25561.5
35,14891.166666666664
36,7298.0
37,18931.5
38,15010.0
39,16025.5
40,15007.333333333336
41,17264.5
42,13570.0
43,13393.5
44,13662.0
45,14927.166666666664
46,13424.0
47,12042.5
48,15174.5
49,7029.4
50,26487.0
51,5450.0
52,14416.5
53,15301.0
54,16236.5
55,17158.0
56,13079.05
57,9974.0
58,7411.0
59,13871.5
60,11621.0
61,16243.5
62,7350.5
63,16984.0
64,18540.0
65,15216.5
66,13463.0
67,18359.0
68,13367.833333333336
69,16879.5
70,16752.5
71,16771.0
72,15995.0
73,13970.5
74,16855.0
75,14243.166666666668
76,14514.0
77,18609.5
78,10294.0
79,23926.08
80,9929.0
81,22847.75
82,19075.5
83,13053.791666666668
84,6641.5
85,13393.5
86,16002.0
87,22265.0
88,19452.5
89,11345.0
90,19704.0
91,16500.0
92,24243.5
93,13961.883333333335
94,10359.0
95,17529.5
96,17586.0
97,10596.9
98,23055.98
99,13446.0
100,15176.65
101,13175.0
102,18252.0
103,12203.5
104,7454.0
105,13545.0
106,13761.666666666668
107,16432.5
108,14456.0
109,19595.0
110,6131.5
111,9035.5
112,14416.5
113,8106.0
114,13189.5
115,14893.166666666664
116,12904.0
117,16938.0
118,16667.5
119,16206.5
120,9805.0
121,13949.0
122,19472.0
123,14818.416666666668
124,13189.5
125,5780.0
126,17679.0
127,12949.0
128,15702.0
129,12282.5
130,9820.0
131,13784.666666666668
132,9850.0
133,8573.5
134,13654.033333333333
135,12782.5
136,13482.0
137,13920.0
138,13612.933333333332
139,14235.966666666667
140,13666.25
141,12452.0
142,12347.0
143,15815.0
144,10588.3
145,13744.666666666668
146,25561.48
147,12964.25
148,11366.5
149,14081.933333333332
150,8397.0
151,9525.0
152,13128.0
153,13872.5
154,9884.25
155,7454.0
156,14320.066666666666
157,7687.0
158,13321.25
159,17073.0
160,16215.0
161,14511.75
162,13093.75
163,11923.0
164,16186.5
165,5949.5
166,14270.5
167,14005.916666666668
168,7400.5
169,16159.5
170,13850.883333333335
171,24821.0
172,14275.0
173,17803.0
174,17672.0
175,7486.9
176,11998.5
177,14449.216666666667
178,10019.0
179,25010.0
180,16335.0
181,20053.0
182,14097.0
183,14927.166666666664
184,31304.416666666664
185,9649.0
186,10064.0
187,11973.0
188,14217.0
189,13647.833333333336
190,13559.833333333336
191,16759.0
192,13567.666666666668
193,16884.0
194,17586.0
195,16884.0
196,12138.0
197,10004.25
198,13478.0
199,7380.0
200,13682.0
201,15019.0
202,10541.7
203,19555.0
204,20573.0
205,12264.5
206,13045.5
207,12935.0
208,16154.0
209,14276.0
210,14642.0
211,16333.0
212,24101.08
213,15673.5
214,10120.0
215,9018.0
216,16054.0
217,13990.883333333335
218,13647.666666666668
219,7397.0
220,16445.5
221,13683.0
222,13523.0
223,6526.5
224,17139.5
225,5434.5
226,7703.9
227,16741.0
228,13729.0
229,14108.0
230,10563.5
231,13979.5
232,13555.5
233,7380.0
234,10390.0
235,12309.0
236,13665.0
237,12837.3
238,15881.0
239,7322.0
240,20032.0
241,16620.5
242,16154.0
243,10235.5
244,13482.0
245,8262.0
246,13289.0
247,13597.5
248,15369.625
249,16022.0
250,13772.666666666664
251,16024.5
252,14041.0
253,13411.583333333332
254,16200.5
255,11923.0
256,10518.5
257,10133.5
258,24910.0
259,11947.5
260,7936.5
261,18886.0
262,11413.0
263,22839.25
264,14814.166666666664
265,16789.5
266,13896.0
267,14005.916666666668
268,5941.0
269,17139.5
270,13498.0
271,13728.5
272,14009.833333333336
273,7438.0
274,5660.0
275,15146.0
276,18487.0
277,24821.0
278,7348.5
279,14114.0
280,16696.0
281,10548.9
282,16523.5
283,17848.0
284,7800.9
285,6094.65
286,13552.0
287,13980.0
288,14146.291666666664
289,14803.666666666664
290,10775.0
291,12439.0
292,19353.0
293,16561.5
294,12860.5
295,7440.0
296,13412.5
297,13696.416666666668
298,15916.5
299,13612.933333333332
300,6048.5
301,20282.5
302,13606.0
303,16023.5
304,10430.9
305,12014.0
306,12295.0
307,9885.0
308,17237.0
309,24878.5
310,11577.5
311,7745.5
312,15600.5
313,6560.0
314,15478.0
315,14794.383333333335
316,16523.5
317,7551.0
318,15301.0
319,13276.25
320,14514.0
321,13478.0
322,7370.0
323,10253.0
324,10664.6
325,6171.0
326,12063.5
327,19350.0
328,15174.5
329,7093.0
330,5773.5
331,7287.5
332,7499.5
333,23558.0
334,7563.5
335,15053.0
336,14803.666666666664
337,16112.0
338,12843.383333333333
339,15005.333333333336
340,14981.0
341,15966.99
342,17804.0
343,11982.5
344,14126.5
345,13316.0
346,16696.0
347,13858.0
348,13865.933333333332
349,14050.5
350,13061.8
351,13679.333333333336
352,15070.0
353,16445.5
354,13408.5
355,16558.5
356,14320.066666666666
357,9755.0
358,8988.0
359,13761.666666666668
360,13183.333333333332
361,10582.0
362,23047.0
363,13862.0
364,13595.416666666664
365,13316.75
366,12949.0
367,19966.5
368,15010.0
369,13861.916666666668
370,12362.5
371,12722.0
372,19942.5
373,10186.0
374,10558.0
375,22487.5
376,13662.0
377,9156.5
378,6151.0
379,14449.216666666667
380,7392.0
381,14494.5
382,7470.5
383,15296.666666666668
384,8194.0
385,14544.0
386,13447.333333333336
387,15426.0
388,7381.0
389,18961.0
390,6021.0
391,18997.0
392,13219.75
393,13388.666666666668
394,15812.0
395,5703.0
396,5709.5
397,14262.0
398,16724.5
399,15119.5
400,13935.0
401,16434.0
402,14172.916666666664
403,7454.5
404,15824.0
405,7535.5
406,21562.25
407,14136.0
408,9967.9
409,15053.0
410,13612.933333333332
